{"cameraMode":{"drawMode":0,"name":"Shaded","section":"Shading Mode"},"sceneLighting":true,"audioPlay":false,"sceneViewState":{"m_AlwaysRefresh":false,"showFog":true,"showSkybox":true,"showFlares":true,"showImageEffects":true,"showParticleSystems":true,"showVisualEffectGraphs":true,"m_FxEnabled":true},"in2DMode":false,"pivot":{"x":21.469999313354493,"y":0.6898608207702637,"z":20.110000610351564},"rotation":{"x":0.11707446724176407,"y":0.1380729079246521,"z":-0.016438649967312814,"w":0.98334139585495},"size":1.6344588994979859,"orthographic":false}