{"cameraMode":{"drawMode":0,"name":"Shaded","section":"Shading Mode"},"sceneLighting":false,"audioPlay":false,"sceneViewState":{"m_AlwaysRefresh":false,"showFog":true,"showSkybox":false,"showFlares":true,"showImageEffects":true,"showParticleSystems":true,"showVisualEffectGraphs":true,"m_FxEnabled":true},"in2DMode":false,"pivot":{"x":20.216630935668947,"y":0.5156267881393433,"z":32.586666107177737},"rotation":{"x":0.08756246417760849,"y":0.13554415106773377,"z":-0.012027054093778134,"w":0.9868223667144775},"size":1.0825995206832886,"orthographic":false}