{"cameraMode":{"drawMode":0,"name":"Shaded","section":"Shading Mode"},"sceneLighting":true,"audioPlay":false,"sceneViewState":{"showFog":true,"showMaterialUpdate":false,"showSkybox":false,"showFlares":true,"showImageEffects":true,"showParticleSystems":true},"in2DMode":false,"pivot":{"x":20.855224609375,"y":0.6287841796875,"z":32.65283203125},"rotation":{"x":0.0418962687253952,"y":0.06589356064796448,"z":-0.002769926330074668,"w":0.9969465732574463},"size":2.337557792663574,"orthographic":true}