{"cameraMode":{"drawMode":0,"name":"Shaded","section":"Shading Mode"},"sceneLighting":false,"audioPlay":false,"sceneViewState":{"showFog":true,"showMaterialUpdate":true,"showSkybox":false,"showFlares":true,"showImageEffects":true,"showParticleSystems":true},"in2DMode":false,"pivot":{"x":20.8861083984375,"y":0.7096330523490906,"z":30.005571365356447},"rotation":{"x":0.08169395476579666,"y":-0.05230005830526352,"z":0.004292601719498634,"w":0.9952759742736816},"size":1.8772478103637696,"orthographic":false}