{"cameraMode":{"drawMode":0,"name":"Shaded","section":"Shading Mode"},"sceneLighting":true,"audioPlay":false,"sceneViewState":{"showFog":true,"showMaterialUpdate":false,"showSkybox":false,"showFlares":true,"showImageEffects":true,"showParticleSystems":true},"in2DMode":false,"pivot":{"x":22.061378479003908,"y":12.042550086975098,"z":23.350709915161134},"rotation":{"x":0.1838196963071823,"y":0.07364588975906372,"z":-0.013812622055411339,"w":0.9801026582717896},"size":15.706233024597168,"orthographic":true}