{"cameraMode":{"drawMode":0,"name":"Shaded","section":"Shading Mode"},"sceneLighting":false,"audioPlay":false,"sceneViewState":{"showFog":true,"showMaterialUpdate":true,"showSkybox":false,"showFlares":true,"showImageEffects":true,"showParticleSystems":true},"in2DMode":false,"pivot":{"x":19.98822784423828,"y":0.5133675336837769,"z":32.75904083251953},"rotation":{"x":0.3172668218612671,"y":-0.374836802482605,"z":0.1382712423801422,"w":0.8600711822509766},"size":1.2405507564544678,"orthographic":false}