{"cameraMode":{"drawMode":0,"name":"Shaded","section":"Shading Mode"},"sceneLighting":false,"audioPlay":false,"sceneViewState":{"showFog":true,"showMaterialUpdate":false,"showSkybox":false,"showFlares":true,"showImageEffects":true,"showParticleSystems":true},"in2DMode":false,"pivot":{"x":-0.00000286102294921875,"y":0.1499994546175003,"z":4.76837158203125e-7},"rotation":{"x":0.47033053636550906,"y":-0.1236639991402626,"z":0.06675203889608383,"w":0.871258556842804},"size":1.4150985479354859,"orthographic":false}