{"cameraMode":{"drawMode":0,"name":"Shaded","section":"Shading Mode"},"sceneLighting":false,"audioPlay":false,"sceneViewState":{"showFog":true,"showMaterialUpdate":true,"showSkybox":false,"showFlares":true,"showImageEffects":true,"showParticleSystems":true},"in2DMode":false,"pivot":{"x":28.155235290527345,"y":1.1118488311767579,"z":24.174650192260743},"rotation":{"x":0.5231131315231323,"y":-0.0012783851707354189,"z":0.0007846657535992563,"w":0.8522624969482422},"size":0.7288033962249756,"orthographic":false}