{"cameraMode":{"drawMode":0,"name":"Shaded","section":"Shading Mode"},"sceneLighting":false,"audioPlay":false,"sceneViewState":{"showFog":true,"showMaterialUpdate":false,"showSkybox":false,"showFlares":true,"showImageEffects":true,"showParticleSystems":true},"in2DMode":false,"pivot":{"x":19.622817993164064,"y":0.5760558247566223,"z":23.16943359375},"rotation":{"x":0.11002783477306366,"y":-0.39118534326553347,"z":0.04716892167925835,"w":0.9124929904937744},"size":1.470897912979126,"orthographic":true}