{"cameraMode":{"drawMode":0,"name":"Shaded","section":"Shading Mode"},"sceneLighting":false,"audioPlay":false,"sceneViewState":{"showFog":true,"showMaterialUpdate":true,"showSkybox":false,"showFlares":true,"showImageEffects":true,"showParticleSystems":true},"in2DMode":false,"pivot":{"x":19.5892276763916,"y":0.7220504879951477,"z":32.75904083251953},"rotation":{"x":0.2838190495967865,"y":-0.08328954130411148,"z":0.02475452795624733,"w":0.9549340009689331},"size":1.0825995206832886,"orthographic":false}