{"cameraMode":{"drawMode":0,"name":"Shaded","section":"Shading Mode"},"sceneLighting":true,"audioPlay":false,"sceneViewState":{"showFog":true,"showMaterialUpdate":false,"showSkybox":true,"showFlares":true,"showImageEffects":true,"showParticleSystems":true},"in2DMode":false,"pivot":{"x":22.144243240356447,"y":2.0480432510375978,"z":23.87322235107422},"rotation":{"x":0.1494051218032837,"y":-0.02076246216893196,"z":0.0031380148138850929,"w":0.988553524017334},"size":4.587298393249512,"orthographic":false}