{"cameraMode":{"drawMode":0,"name":"Shaded","section":"Shading Mode"},"sceneLighting":false,"audioPlay":false,"sceneViewState":{"showFog":true,"showMaterialUpdate":true,"showSkybox":false,"showFlares":true,"showImageEffects":true,"showParticleSystems":true},"in2DMode":false,"pivot":{"x":21.027185440063478,"y":0.6263676881790161,"z":29.87999725341797},"rotation":{"x":0.3172668218612671,"y":-0.374836802482605,"z":0.1382712423801422,"w":0.8600711822509766},"size":1.4153977632522584,"orthographic":false}