{"cameraMode":{"drawMode":0,"name":"Shaded","section":"Shading Mode"},"sceneLighting":false,"audioPlay":false,"sceneViewState":{"showFog":true,"showMaterialUpdate":false,"showSkybox":false,"showFlares":true,"showImageEffects":true,"showParticleSystems":true},"in2DMode":false,"pivot":{"x":25.230854034423829,"y":0.7299998998641968,"z":27.559999465942384},"rotation":{"x":-0.17098809778690339,"y":-0.02718188799917698,"z":0.004720154218375683,"w":-0.9848887920379639},"size":2.7096750736236574,"orthographic":false}