{"cameraMode":{"drawMode":0,"name":"Shaded","section":"Shading Mode"},"sceneLighting":false,"audioPlay":false,"sceneViewState":{"showFog":true,"showMaterialUpdate":false,"showSkybox":false,"showFlares":true,"showImageEffects":true,"showParticleSystems":true},"in2DMode":false,"pivot":{"x":0.0,"y":1.130000114440918,"z":-7.690000057220459},"rotation":{"x":0.11081168055534363,"y":0.22456881403923036,"z":-0.0257121454924345,"w":0.9678137302398682},"size":1.2247450351715088,"orthographic":true}