{"cameraMode":{"drawMode":0,"name":"Shaded","section":"Shading Mode"},"sceneLighting":true,"audioPlay":false,"sceneViewState":{"showFog":true,"showMaterialUpdate":false,"showSkybox":true,"showFlares":true,"showImageEffects":true,"showParticleSystems":true},"in2DMode":false,"pivot":{"x":25.711761474609376,"y":1.413543701171875,"z":19.0093994140625},"rotation":{"x":0.08472640812397003,"y":0.040343284606933597,"z":-0.003434003097936511,"w":0.9955887198448181},"size":0.7621765732765198,"orthographic":true}