{"cameraMode":{"drawMode":0,"name":"Shaded","section":"Shading Mode"},"sceneLighting":false,"audioPlay":false,"sceneViewState":{"showFog":true,"showMaterialUpdate":true,"showSkybox":false,"showFlares":true,"showImageEffects":true,"showParticleSystems":true},"in2DMode":false,"pivot":{"x":21.040117263793947,"y":1.288885474205017,"z":29.893003463745118},"rotation":{"x":0.3172668218612671,"y":-0.374836802482605,"z":0.1382712423801422,"w":0.8600711822509766},"size":1.2772479057312012,"orthographic":false}