{"cameraMode":{"drawMode":0,"name":"Shaded","section":"Shading Mode"},"sceneLighting":false,"audioPlay":false,"sceneViewState":{"showFog":true,"showMaterialUpdate":false,"showSkybox":false,"showFlares":true,"showImageEffects":true,"showParticleSystems":true},"in2DMode":false,"pivot":{"x":-0.46555471420288088,"y":1.3237056732177735,"z":0.11536502838134766},"rotation":{"x":0.23594972491264344,"y":0.5797877907752991,"z":-0.18030297756195069,"w":0.758729100227356},"size":1.9012627601623536,"orthographic":true}