{"cameraMode":{"drawMode":0,"name":"Shaded","section":"Shading Mode"},"sceneLighting":true,"audioPlay":false,"sceneViewState":{"showFog":true,"showMaterialUpdate":false,"showSkybox":false,"showFlares":true,"showImageEffects":true,"showParticleSystems":true},"in2DMode":false,"pivot":{"x":-2.700944423675537,"y":-1.820180058479309,"z":3.302152395248413},"rotation":{"x":0.1838196963071823,"y":0.07364588975906372,"z":-0.013812622055411339,"w":0.9801026582717896},"size":1.334565281867981,"orthographic":true}