{"cameraMode":{"drawMode":0,"name":"Shaded","section":"Shading Mode"},"sceneLighting":false,"audioPlay":false,"sceneViewState":{"showFog":true,"showMaterialUpdate":false,"showSkybox":false,"showFlares":true,"showImageEffects":true,"showParticleSystems":true},"in2DMode":false,"pivot":{"x":29.208751678466798,"y":0.6316022872924805,"z":23.76703453063965},"rotation":{"x":0.0913391038775444,"y":-0.026883790269494058,"z":0.0024667554534971716,"w":0.9954540729522705},"size":1.495339274406433,"orthographic":true}