{"cameraMode":{"drawMode":0,"name":"Shaded","section":"Shading Mode"},"sceneLighting":false,"audioPlay":false,"sceneViewState":{"showFog":true,"showMaterialUpdate":true,"showSkybox":false,"showFlares":true,"showImageEffects":true,"showParticleSystems":true},"in2DMode":false,"pivot":{"x":19.949417114257814,"y":0.7949304580688477,"z":32.7581901550293},"rotation":{"x":0.17824487388134004,"y":0.045737575739622119,"z":-0.008294769562780857,"w":0.9828904867172241},"size":1.5777748823165894,"orthographic":true}