{"cameraMode":{"drawMode":0,"name":"Shaded","section":"Shading Mode"},"sceneLighting":false,"audioPlay":false,"sceneViewState":{"showFog":true,"showMaterialUpdate":false,"showSkybox":false,"showFlares":true,"showImageEffects":true,"showParticleSystems":true},"in2DMode":false,"pivot":{"x":-3.410634994506836,"y":1.8314623832702637,"z":3.4117965698242189},"rotation":{"x":0.33338943123817446,"y":-0.00424242066219449,"z":0.001500598737038672,"w":0.942782998085022},"size":10.0,"orthographic":true}