{"cameraMode":{"drawMode":0,"name":"Shaded","section":"Shading Mode"},"sceneLighting":false,"audioPlay":false,"sceneViewState":{"showFog":true,"showMaterialUpdate":false,"showSkybox":false,"showFlares":true,"showImageEffects":true,"showParticleSystems":true},"in2DMode":false,"pivot":{"x":23.747772216796876,"y":0.8532301187515259,"z":23.53990364074707},"rotation":{"x":0.18559777736663819,"y":-0.047146111726760867,"z":0.008915365673601628,"w":0.9814541339874268},"size":1.6539394855499268,"orthographic":false}