{"cameraMode":{"drawMode":0,"name":"Shaded","section":"Shading Mode"},"sceneLighting":false,"audioPlay":false,"sceneViewState":{"showFog":true,"showMaterialUpdate":false,"showSkybox":false,"showFlares":true,"showImageEffects":true,"showParticleSystems":true},"in2DMode":false,"pivot":{"x":32.20001220703125,"y":610.4000244140625,"z":0.0},"rotation":{"x":0.2274538278579712,"y":-0.017527148127555848,"z":0.0040946160443127159,"w":0.9736223220825195},"size":288.913818359375,"orthographic":true}