{"cameraMode":{"drawMode":0,"name":"Shaded","section":"Shading Mode"},"sceneLighting":false,"audioPlay":false,"sceneViewState":{"showFog":true,"showMaterialUpdate":false,"showSkybox":false,"showFlares":true,"showImageEffects":true,"showParticleSystems":true},"in2DMode":false,"pivot":{"x":20.181549072265626,"y":1.104736566543579,"z":23.339324951171876},"rotation":{"x":0.08239670097827912,"y":0.6642475724220276,"z":-0.07403592020273209,"w":0.7392640113830566},"size":1.2644681930541993,"orthographic":true}