{"cameraMode":{"drawMode":0,"name":"Shaded","section":"Shading Mode"},"sceneLighting":false,"audioPlay":false,"sceneViewState":{"showFog":true,"showMaterialUpdate":true,"showSkybox":false,"showFlares":true,"showImageEffects":true,"showParticleSystems":true},"in2DMode":false,"pivot":{"x":7.650000095367432,"y":0.8799999952316284,"z":6.980000019073486},"rotation":{"x":0.5231131315231323,"y":-0.0012783851707354189,"z":0.0007846657535992563,"w":0.8522624969482422},"size":0.8660280108451843,"orthographic":false}