{"cameraMode":{"drawMode":0,"name":"Shaded","section":"Shading Mode"},"sceneLighting":false,"audioPlay":false,"sceneViewState":{"showFog":true,"showMaterialUpdate":false,"showSkybox":false,"showFlares":true,"showImageEffects":true,"showParticleSystems":true},"in2DMode":false,"pivot":{"x":5.164740562438965,"y":7.019493103027344,"z":-4.72783088684082},"rotation":{"x":0.1879783719778061,"y":-0.22607101500034333,"z":0.0445098914206028,"w":0.9547646045684815},"size":19.11589241027832,"orthographic":false}