{"cameraMode":{"drawMode":0,"name":"Shaded","section":"Shading Mode"},"sceneLighting":false,"audioPlay":false,"sceneViewState":{"showFog":true,"showMaterialUpdate":true,"showSkybox":false,"showFlares":true,"showImageEffects":true,"showParticleSystems":true},"in2DMode":false,"pivot":{"x":-0.04148101806640625,"y":1.2489013671875,"z":-1.151611328125},"rotation":{"x":0.287731409072876,"y":-0.015801317989826204,"z":0.004747997038066387,"w":0.9575693607330322},"size":1.6623262166976929,"orthographic":true}