{"cameraMode":{"drawMode":0,"name":"Shaded","section":"Shading Mode"},"sceneLighting":false,"audioPlay":false,"sceneViewState":{"showFog":true,"showMaterialUpdate":true,"showSkybox":false,"showFlares":true,"showImageEffects":true,"showParticleSystems":true},"in2DMode":false,"pivot":{"x":21.227521896362306,"y":1.836093783378601,"z":22.683246612548829},"rotation":{"x":0.04797301068902016,"y":0.018875176087021829,"z":-0.0009067102801054716,"w":0.9986699819564819},"size":1.6939947605133057,"orthographic":false}