{"cameraMode":{"drawMode":0,"name":"Shaded","section":"Shading Mode"},"sceneLighting":false,"audioPlay":false,"sceneViewState":{"showFog":true,"showMaterialUpdate":true,"showSkybox":false,"showFlares":true,"showImageEffects":true,"showParticleSystems":true},"in2DMode":false,"pivot":{"x":20.37375831604004,"y":1.3141742944717408,"z":23.25044822692871},"rotation":{"x":0.2838190495967865,"y":-0.08328954130411148,"z":0.02475452795624733,"w":0.9549340009689331},"size":1.1131395101547242,"orthographic":false}