{"cameraMode":{"drawMode":0,"name":"Shaded","section":"Shading Mode"},"sceneLighting":true,"audioPlay":false,"sceneViewState":{"showFog":true,"showMaterialUpdate":false,"showSkybox":true,"showFlares":true,"showImageEffects":true,"showParticleSystems":true},"in2DMode":false,"pivot":{"x":28.094905853271486,"y":-2.6783742904663088,"z":28.24045753479004},"rotation":{"x":-0.28219982981681826,"y":-0.18753524124622346,"z":0.05635232850909233,"w":-0.9391603469848633},"size":15.026390075683594,"orthographic":false}