{"cameraMode":{"drawMode":0,"name":"Shaded","section":"Shading Mode"},"sceneLighting":false,"audioPlay":false,"sceneViewState":{"showFog":true,"showMaterialUpdate":false,"showSkybox":false,"showFlares":true,"showImageEffects":true,"showParticleSystems":true},"in2DMode":false,"pivot":{"x":-6.684000015258789,"y":2.6559998989105226,"z":-8.498000144958496},"rotation":{"x":0.03787343204021454,"y":0.3533972203731537,"z":-0.014319626614451409,"w":0.9346176981925964},"size":0.7072352766990662,"orthographic":true}