{"cameraMode":{"drawMode":0,"name":"Shaded","section":"Shading Mode"},"sceneLighting":true,"audioPlay":false,"sceneViewState":{"showFog":true,"showMaterialUpdate":false,"showSkybox":true,"showFlares":true,"showImageEffects":true,"showParticleSystems":true},"in2DMode":false,"pivot":{"x":29.90380859375,"y":4.8515625,"z":18.12451171875},"rotation":{"x":0.18356776237487794,"y":-0.40872320532798769,"z":0.08429913967847824,"w":0.8900248408317566},"size":4.869742393493652,"orthographic":true}