{"cameraMode":{"drawMode":0,"name":"Shaded","section":"Shading Mode"},"sceneLighting":false,"audioPlay":false,"sceneViewState":{"showFog":true,"showMaterialUpdate":false,"showSkybox":false,"showFlares":true,"showImageEffects":true,"showParticleSystems":true},"in2DMode":false,"pivot":{"x":0.93475341796875,"y":0.345123291015625,"z":1.64501953125},"rotation":{"x":0.0019525053212419153,"y":0.9970420002937317,"z":-0.026926880702376367,"w":0.07220598310232163},"size":0.7836331129074097,"orthographic":true}